Filename,Total_runtime,Reconstruction_runtime,Layout_analysis_runtime,Segmentation_runtime
India.png,10.522997856140137,0.0039937496185302734,10.519004106521606,10.469115495681763
Soviet.png,2.9537980556488037,0.0060613155364990234,2.9477367401123047,2.938084363937378
