Filename,Total_runtime,Reconstruction_runtime,Layout_analysis_runtime,Segmentation_runtime
Shikor.png,40.338210582733154,0.0069997310638427734,40.33121085166931,4.773952960968018
Subcontinent.png,80.33878493309021,0.04599905014038086,80.29278588294983,7.393352270126343
