Filename,Total_runtime,Reconstruction_runtime,Layout_analysis_runtime,Segmentation_runtime
<<<<<<< HEAD
India.png,7.335405588150024,0.0040051937103271484,7.331400394439697,7.315400838851929
Soviet.png,5.193600177764893,0.0029976367950439453,5.190602540969849,5.169602870941162
=======
Shikor.png,40.338210582733154,0.0069997310638427734,40.33121085166931,4.773952960968018
Subcontinent.png,80.33878493309021,0.04599905014038086,80.29278588294983,7.393352270126343
>>>>>>> 5d906bf2cfeff7b0e9fa33c3dd377dad6dccaeaa
